{"data_time": 0.0007849079999999731, "eta_seconds": 2451.294070699995, "fast_rcnn/cls_accuracy": 0.90625, "fast_rcnn/false_negative": 0.75, "fast_rcnn/fg_cls_accuracy": 0.20833333333333331, "iteration": 19, "loss_box_reg": 0.16311318427324295, "loss_cls": 0.6978879868984222, "loss_rpn_cls": 0.6963281333446503, "loss_rpn_loc": 2.9816352128982544, "lr": 0.00019981, "roi_head/num_bg_samples": 27.5, "roi_head/num_fg_samples": 4.5, "rpn/num_neg_anchors": 8.0, "rpn/num_pos_anchors": 8.0, "time": 1.6562797774999964, "total_loss": 4.625712096691132}
{"data_time": 0.0009720394999988002, "eta_seconds": 2634.6641853300007, "fast_rcnn/cls_accuracy": 0.765625, "fast_rcnn/false_negative": 0.4375, "fast_rcnn/fg_cls_accuracy": 0.1875, "iteration": 39, "loss_box_reg": 0.34565381705760956, "loss_cls": 0.8474067747592926, "loss_rpn_cls": 0.6498293876647949, "loss_rpn_loc": 1.8233753442764282, "lr": 0.00039960999999999995, "roi_head/num_bg_samples": 24.0, "roi_head/num_fg_samples": 8.0, "rpn/num_neg_anchors": 8.0, "rpn/num_pos_anchors": 8.0, "time": 1.922116146999997, "total_loss": 4.323059912770987}
{"data_time": 0.0006634119999944232, "eta_seconds": 2458.3740148799916, "fast_rcnn/cls_accuracy": 0.796875, "fast_rcnn/false_negative": 0.5, "fast_rcnn/fg_cls_accuracy": 0.25, "iteration": 59, "loss_box_reg": 0.5312394201755524, "loss_cls": 0.6373791992664337, "loss_rpn_cls": 0.5608862042427063, "loss_rpn_loc": 1.6298744678497314, "lr": 0.00059941, "roi_head/num_bg_samples": 24.0, "roi_head/num_fg_samples": 8.0, "rpn/num_neg_anchors": 8.0, "rpn/num_pos_anchors": 8.0, "time": 1.62048904400001, "total_loss": 3.5092485696077347}
{"data_time": 0.0011591204999916727, "eta_seconds": 2417.698282080011, "fast_rcnn/cls_accuracy": 0.859375, "fast_rcnn/false_negative": 0.25, "fast_rcnn/fg_cls_accuracy": 0.375, "iteration": 79, "loss_box_reg": 0.4271865487098694, "loss_cls": 0.5763219594955444, "loss_rpn_cls": 0.4283451437950134, "loss_rpn_loc": 2.168610692024231, "lr": 0.0007992100000000001, "roi_head/num_bg_samples": 24.0, "roi_head/num_fg_samples": 8.0, "rpn/num_neg_anchors": 8.0, "rpn/num_pos_anchors": 8.0, "time": 1.6622194889999946, "total_loss": 3.682087041437626}
{"data_time": 0.0006394330000034643, "eta_seconds": 2304.3976983999896, "fast_rcnn/cls_accuracy": 0.75, "fast_rcnn/false_negative": 0.375, "fast_rcnn/fg_cls_accuracy": 0.0625, "iteration": 99, "loss_box_reg": 0.4959564507007599, "loss_cls": 1.1043346524238586, "loss_rpn_cls": 0.4051167070865631, "loss_rpn_loc": 1.8952960968017578, "lr": 0.00099901, "roi_head/num_bg_samples": 24.0, "roi_head/num_fg_samples": 8.0, "rpn/num_neg_anchors": 8.0, "rpn/num_pos_anchors": 8.0, "time": 1.560068103000006, "total_loss": 4.171753138303757}
{"data_time": 0.0007550994999974137, "eta_seconds": 2297.984858910003, "fast_rcnn/cls_accuracy": 0.78125, "fast_rcnn/false_negative": 0.5625, "fast_rcnn/fg_cls_accuracy": 0.0625, "iteration": 119, "loss_box_reg": 0.39024676382541656, "loss_cls": 0.8184786736965179, "loss_rpn_cls": 0.41363275051116943, "loss_rpn_loc": 1.893426239490509, "lr": 0.00119881, "roi_head/num_bg_samples": 24.0, "roi_head/num_fg_samples": 8.0, "rpn/num_neg_anchors": 8.0, "rpn/num_pos_anchors": 8.0, "time": 1.7160877519999929, "total_loss": 3.3560451678931713}
{"data_time": 0.3322309870272875, "fast_rcnn/cls_accuracy": 0.0009765625, "fast_rcnn/false_negative": 0.0, "fast_rcnn/fg_cls_accuracy": 0.005319148936170213, "iteration": 1, "loss_box_reg": 0.13019260915461928, "loss_cls": 4.469090700149536, "loss_rpn_cls": 0.6975180208683014, "loss_rpn_loc": 0.13388872519135475, "lr": 1.999e-07, "roi_head/num_bg_samples": 242.875, "roi_head/num_fg_samples": 13.125, "rpn/num_neg_anchors": 105.625, "rpn/num_pos_anchors": 22.375, "total_loss": 5.4306900553638116}
{"data_time": 0.7297716643661261, "fast_rcnn/cls_accuracy": 0.0, "fast_rcnn/false_negative": 0.0, "fast_rcnn/fg_cls_accuracy": 0.0, "iteration": 0, "loss_box_reg": 0.11496883630752563, "loss_cls": 4.520562648773193, "loss_rpn_cls": 0.6915088891983032, "loss_rpn_loc": 0.23632556200027466, "lr": 1.0000000000000001e-07, "roi_head/num_bg_samples": 243.5, "roi_head/num_fg_samples": 12.5, "rpn/num_neg_anchors": 96.25, "rpn/num_pos_anchors": 31.75, "total_loss": 5.563365936279297}
{"data_time": 0.6187718883156776, "fast_rcnn/cls_accuracy": 0.009765625, "fast_rcnn/false_negative": 0.0, "fast_rcnn/fg_cls_accuracy": 0.18181818181818182, "iteration": 0, "loss_box_reg": 0.13867932558059692, "loss_cls": 4.5566864013671875, "loss_rpn_cls": 0.6835554838180542, "loss_rpn_loc": 0.13685119152069092, "lr": 1.0000000000000001e-07, "roi_head/num_bg_samples": 242.25, "roi_head/num_fg_samples": 13.75, "rpn/num_neg_anchors": 106.5, "rpn/num_pos_anchors": 21.5, "total_loss": 5.5157724022865295}
{"data_time": 0.2229706570506096, "fast_rcnn/cls_accuracy": 0.00048828125, "fast_rcnn/false_negative": 0.0, "fast_rcnn/fg_cls_accuracy": 0.005434782608695652, "iteration": 1, "loss_box_reg": 0.10604249686002731, "loss_cls": 4.830041170120239, "loss_rpn_cls": 0.7177008092403412, "loss_rpn_loc": 0.3212255910038948, "lr": 1.999e-07, "roi_head/num_bg_samples": 240.0, "roi_head/num_fg_samples": 16.0, "rpn/num_neg_anchors": 95.25, "rpn/num_pos_anchors": 32.75, "total_loss": 5.975010067224503}
{"data_time": 0.00556015782058239, "fast_rcnn/cls_accuracy": 0.0009765625, "fast_rcnn/false_negative": 0.0, "fast_rcnn/fg_cls_accuracy": 0.0, "iteration": 2, "loss_box_reg": 0.06941264867782593, "loss_cls": 4.260672569274902, "loss_rpn_cls": 0.7017536163330078, "loss_rpn_loc": 0.17546647787094116, "lr": 2.9979999999999997e-07, "roi_head/num_bg_samples": 245.0, "roi_head/num_fg_samples": 11.0, "rpn/num_neg_anchors": 101.25, "rpn/num_pos_anchors": 26.75, "time": 3.349386578425765, "total_loss": 5.207305312156677}
{"eta_seconds": 334925.2602962628, "iteration": 3}
{"data_time": 0.698182076215744, "fast_rcnn/cls_accuracy": 0.0, "fast_rcnn/false_negative": 0.0, "fast_rcnn/fg_cls_accuracy": 0.0, "iteration": 0, "loss_box_reg": 0.032332006841897964, "loss_cls": 4.740968704223633, "loss_rpn_cls": 0.6990307569503784, "loss_rpn_loc": 0.1697261929512024, "lr": 1.0000000000000001e-07, "roi_head/num_bg_samples": 251.0, "roi_head/num_fg_samples": 5.0, "rpn/num_neg_anchors": 103.75, "rpn/num_pos_anchors": 24.25, "total_loss": 5.642057660967112}
{"data_time": 0.5852379128336906, "fast_rcnn/cls_accuracy": 0.0107421875, "fast_rcnn/false_negative": 0.0, "fast_rcnn/fg_cls_accuracy": 0.0, "iteration": 0, "loss_box_reg": 0.02175617218017578, "loss_cls": 4.17148494720459, "loss_rpn_cls": 0.7027381658554077, "loss_rpn_loc": 0.3358725905418396, "lr": 1.0000000000000001e-07, "roi_head/num_bg_samples": 248.25, "roi_head/num_fg_samples": 7.75, "rpn/num_neg_anchors": 89.5, "rpn/num_pos_anchors": 38.5, "total_loss": 5.231851875782013}
{"data_time": 0.50025250390172, "fast_rcnn/cls_accuracy": 0.0009765625, "fast_rcnn/false_negative": 0.0, "fast_rcnn/fg_cls_accuracy": 0.014084507042253521, "iteration": 0, "loss_box_reg": 0.13031595945358276, "loss_cls": 4.831778049468994, "loss_rpn_cls": 0.6808423399925232, "loss_rpn_loc": 0.21248844265937805, "lr": 1.0000000000000001e-07, "roi_head/num_bg_samples": 238.25, "roi_head/num_fg_samples": 17.75, "rpn/num_neg_anchors": 101.5, "rpn/num_pos_anchors": 26.5, "total_loss": 5.855424791574478}
{"data_time": 0.6367360558360815, "fast_rcnn/cls_accuracy": 0.0, "fast_rcnn/false_negative": 0.0, "fast_rcnn/fg_cls_accuracy": 0.0, "iteration": 0, "loss_box_reg": 0.029581967741250992, "loss_cls": 4.193531036376953, "loss_rpn_cls": 0.7290530204772949, "loss_rpn_loc": 0.15364773571491241, "lr": 1.0000000000000001e-07, "roi_head/num_bg_samples": 252.25, "roi_head/num_fg_samples": 3.75, "rpn/num_neg_anchors": 109.0, "rpn/num_pos_anchors": 19.0, "total_loss": 5.1058137603104115}
{"data_time": 0.23709125816822052, "fast_rcnn/cls_accuracy": 0.00048828125, "fast_rcnn/false_negative": 0.0, "fast_rcnn/fg_cls_accuracy": 0.01282051282051282, "iteration": 1, "loss_box_reg": 0.06926608830690384, "loss_cls": 4.715412855148315,